Class,Name_img
Abrasions,abrasions (1).jpg
Abrasions,abrasions (10).jpg
Abrasions,abrasions (11).jpg
Abrasions,abrasions (12).jpg
Abrasions,abrasions (13).jpg
Abrasions,abrasions (14).jpg
Abrasions,abrasions (15).jpg
Abrasions,abrasions (16).jpg
Abrasions,abrasions (17).jpg
Abrasions,abrasions (18).jpg
Abrasions,abrasions (19).jpg
Abrasions,abrasions (2).jpg
Abrasions,abrasions (20).jpg
Abrasions,abrasions (21).jpg
Abrasions,abrasions (22).jpg
Abrasions,abrasions (23).jpg
Abrasions,abrasions (24).jpg
Abrasions,abrasions (25).jpg
Abrasions,abrasions (26).jpg
Abrasions,abrasions (27).jpg
Abrasions,abrasions (28).jpg
Abrasions,abrasions (29).jpg
Abrasions,abrasions (3).jpg
Abrasions,abrasions (30).jpg
Abrasions,abrasions (31).jpg
Abrasions,abrasions (32).jpg
Abrasions,abrasions (33).jpg
Abrasions,abrasions (34).jpg
Abrasions,abrasions (35).jpg
Abrasions,abrasions (36).jpg
Abrasions,abrasions (37).jpg
Abrasions,abrasions (38).jpg
Abrasions,abrasions (39).jpg
Abrasions,abrasions (4).jpg
Abrasions,abrasions (40).jpg
Abrasions,abrasions (41).jpg
Abrasions,abrasions (42).jpg
Abrasions,abrasions (43).jpg
Abrasions,abrasions (44).jpg
Abrasions,abrasions (45).jpg
Abrasions,abrasions (46).jpg
Abrasions,abrasions (47).jpg
Abrasions,abrasions (48).jpg
Abrasions,abrasions (49).jpg
Abrasions,abrasions (5).jpg
Abrasions,abrasions (50).jpg
Abrasions,abrasions (51).jpg
Abrasions,abrasions (52).jpg
Abrasions,abrasions (53).jpg
Abrasions,abrasions (54).jpg
Abrasions,abrasions (55).jpg
Abrasions,abrasions (56).jpg
Abrasions,abrasions (57).jpg
Abrasions,abrasions (58).jpg
Abrasions,abrasions (59).jpg
Abrasions,abrasions (6).jpg
Abrasions,abrasions (60).jpg
Abrasions,abrasions (61).jpg
Abrasions,abrasions (62).jpg
Abrasions,abrasions (63).jpg
Abrasions,abrasions (64).jpg
Abrasions,abrasions (65).jpg
Abrasions,abrasions (66).jpg
Abrasions,abrasions (67).jpg
Abrasions,abrasions (68).jpg
Abrasions,abrasions (69).jpg
Abrasions,abrasions (7).jpg
Abrasions,abrasions (70).jpg
Abrasions,abrasions (71).jpg
Abrasions,abrasions (72).jpg
Abrasions,abrasions (73).jpg
Abrasions,abrasions (74).jpg
Abrasions,abrasions (75).jpg
Abrasions,abrasions (76).jpg
Abrasions,abrasions (77).jpg
Abrasions,abrasions (78).jpg
Abrasions,abrasions (79).jpg
Abrasions,abrasions (8).jpg
Abrasions,abrasions (80).jpg
Abrasions,abrasions (81).jpg
Abrasions,abrasions (82).jpg
Abrasions,abrasions (83).jpg
Abrasions,abrasions (84).jpg
Abrasions,abrasions (85).jpg
Abrasions,abrasions (9).jpg
Bruises,bruises (1).jpg
Bruises,bruises (10).jpg
Bruises,bruises (100).jpg
Bruises,bruises (101).jpg
Bruises,bruises (102).jpg
Bruises,bruises (103).jpg
Bruises,bruises (104).jpg
Bruises,bruises (105).jpg
Bruises,bruises (106).jpg
Bruises,bruises (107).jpg
Bruises,bruises (108).jpg
Bruises,bruises (109).jpg
Bruises,bruises (11).jpg
Bruises,bruises (110).jpg
Bruises,bruises (111).jpg
Bruises,bruises (112).jpg
Bruises,bruises (113).jpg
Bruises,bruises (114).jpg
Bruises,bruises (115).jpg
Bruises,bruises (116).jpg
Bruises,bruises (117).jpg
Bruises,bruises (118).jpg
Bruises,bruises (119).jpg
Bruises,bruises (12).jpg
Bruises,bruises (120).jpg
Bruises,bruises (121).jpg
Bruises,bruises (122).jpg
Bruises,bruises (13).jpg
Bruises,bruises (14).jpg
Bruises,bruises (15).jpg
Bruises,bruises (16).jpg
Bruises,bruises (17).jpg
Bruises,bruises (18).jpg
Bruises,bruises (19).jpg
Bruises,bruises (2).jpg
Bruises,bruises (20).jpg
Bruises,bruises (21).jpg
Bruises,bruises (22).jpg
Bruises,bruises (23).jpg
Bruises,bruises (24).jpg
Bruises,bruises (25).jpg
Bruises,bruises (26).jpg
Bruises,bruises (27).jpg
Bruises,bruises (28).jpg
Bruises,bruises (29).jpg
Bruises,bruises (3).jpg
Bruises,bruises (30).jpg
Bruises,bruises (31).jpg
Bruises,bruises (32).jpg
Bruises,bruises (33).jpg
Bruises,bruises (34).jpg
Bruises,bruises (35).jpg
Bruises,bruises (36).jpg
Bruises,bruises (37).jpg
Bruises,bruises (38).jpg
Bruises,bruises (39).jpg
Bruises,bruises (4).jpg
Bruises,bruises (40).jpg
Bruises,bruises (41).jpg
Bruises,bruises (42).jpg
Bruises,bruises (43).jpg
Bruises,bruises (44).jpg
Bruises,bruises (45).jpg
Bruises,bruises (46).jpg
Bruises,bruises (47).jpg
Bruises,bruises (48).jpg
Bruises,bruises (49).jpg
Bruises,bruises (5).jpg
Bruises,bruises (50).jpg
Bruises,bruises (51).jpg
Bruises,bruises (52).jpg
Bruises,bruises (53).jpg
Bruises,bruises (54).jpg
Bruises,bruises (55).jpg
Bruises,bruises (56).jpg
Bruises,bruises (57).jpg
Bruises,bruises (58).jpg
Bruises,bruises (59).jpg
Bruises,bruises (6).jpg
Bruises,bruises (60).jpg
Bruises,bruises (61).jpg
Bruises,bruises (62).jpg
Bruises,bruises (63).jpg
Bruises,bruises (64).jpg
Bruises,bruises (65).jpg
Bruises,bruises (66).jpg
Bruises,bruises (67).jpg
Bruises,bruises (68).jpg
Bruises,bruises (69).jpg
Bruises,bruises (7).jpg
Bruises,bruises (70).jpg
Bruises,bruises (71).jpg
Bruises,bruises (72).jpg
Bruises,bruises (73).jpg
Bruises,bruises (74).jpg
Bruises,bruises (75).jpg
Bruises,bruises (76).jpg
Bruises,bruises (77).jpg
Bruises,bruises (78).jpg
Bruises,bruises (79).jpg
Bruises,bruises (8).jpg
Bruises,bruises (80).jpg
Bruises,bruises (81).jpg
Bruises,bruises (82).jpg
Bruises,bruises (83).jpg
Bruises,bruises (84).jpg
Bruises,bruises (85).jpg
Bruises,bruises (86).jpg
Bruises,bruises (87).jpg
Bruises,bruises (88).jpg
Bruises,bruises (89).jpg
Bruises,bruises (9).jpg
Bruises,bruises (90).jpg
Bruises,bruises (91).jpg
Bruises,bruises (92).jpg
Bruises,bruises (93).jpg
Bruises,bruises (94).jpg
Bruises,bruises (95).jpg
Bruises,bruises (96).jpg
Bruises,bruises (97).jpg
Bruises,bruises (98).jpg
Bruises,bruises (99).jpg
Burns,burns (1).jpg
Burns,burns (10).jpg
Burns,burns (11).jpg
Burns,burns (12).jpg
Burns,burns (13).jpg
Burns,burns (14).jpg
Burns,burns (15).jpg
Burns,burns (16).jpg
Burns,burns (17).jpg
Burns,burns (18).jpg
Burns,burns (19).jpg
Burns,burns (2).jpg
Burns,burns (20).jpg
Burns,burns (21).jpg
Burns,burns (22).jpg
Burns,burns (23).jpg
Burns,burns (24).jpg
Burns,burns (25).jpg
Burns,burns (26).jpg
Burns,burns (27).jpg
Burns,burns (28).jpg
Burns,burns (29).jpg
Burns,burns (3).jpg
Burns,burns (30).jpg
Burns,burns (31).jpg
Burns,burns (32).jpg
Burns,burns (33).jpg
Burns,burns (34).jpg
Burns,burns (35).jpg
Burns,burns (36).jpg
Burns,burns (37).jpg
Burns,burns (38).jpg
Burns,burns (39).jpg
Burns,burns (4).jpg
Burns,burns (40).jpg
Burns,burns (41).jpg
Burns,burns (42).jpg
Burns,burns (43).jpg
Burns,burns (44).jpg
Burns,burns (45).jpg
Burns,burns (46).jpg
Burns,burns (47).jpg
Burns,burns (48).jpg
Burns,burns (49).jpg
Burns,burns (5).jpg
Burns,burns (50).jpg
Burns,burns (51).jpg
Burns,burns (52).jpg
Burns,burns (53).jpg
Burns,burns (54).jpg
Burns,burns (55).jpg
Burns,burns (56).jpg
Burns,burns (57).jpg
Burns,burns (58).jpg
Burns,burns (59).jpg
Burns,burns (6).jpg
Burns,burns (7).jpg
Burns,burns (8).jpg
Burns,burns (9).jpg
Cut,cut (1).jpg
Cut,cut (10).jpg
Cut,cut (11).jpg
Cut,cut (12).jpg
Cut,cut (13).jpg
Cut,cut (14).jpg
Cut,cut (15).jpg
Cut,cut (16).jpg
Cut,cut (17).jpg
Cut,cut (18).jpg
Cut,cut (19).jpg
Cut,cut (2).jpg
Cut,cut (20).jpg
Cut,cut (21).jpg
Cut,cut (22).jpg
Cut,cut (23).jpg
Cut,cut (24).jpg
Cut,cut (25).jpg
Cut,cut (26).jpg
Cut,cut (27).jpg
Cut,cut (28).jpg
Cut,cut (29).jpg
Cut,cut (3).jpg
Cut,cut (30).jpg
Cut,cut (31).jpg
Cut,cut (32).jpg
Cut,cut (33).jpg
Cut,cut (34).jpg
Cut,cut (35).jpg
Cut,cut (36).jpg
Cut,cut (37).jpg
Cut,cut (38).jpg
Cut,cut (39).jpg
Cut,cut (4).jpg
Cut,cut (40).jpg
Cut,cut (41).jpg
Cut,cut (42).jpg
Cut,cut (43).jpg
Cut,cut (44).jpg
Cut,cut (45).jpg
Cut,cut (46).jpg
Cut,cut (47).jpg
Cut,cut (48).jpg
Cut,cut (49).jpg
Cut,cut (5).jpg
Cut,cut (50).jpg
Cut,cut (6).jpg
Cut,cut (7).jpg
Cut,cut (8).jpg
Cut,cut (9).jpg
Ingrown_nails,ingrown_nail (1).jpg
Ingrown_nails,ingrown_nail (10).jpg
Ingrown_nails,ingrown_nail (11).jpg
Ingrown_nails,ingrown_nail (12).jpg
Ingrown_nails,ingrown_nail (13).jpg
Ingrown_nails,ingrown_nail (14).jpg
Ingrown_nails,ingrown_nail (15).jpg
Ingrown_nails,ingrown_nail (16).jpg
Ingrown_nails,ingrown_nail (17).jpg
Ingrown_nails,ingrown_nail (18).jpg
Ingrown_nails,ingrown_nail (19).jpg
Ingrown_nails,ingrown_nail (2).jpg
Ingrown_nails,ingrown_nail (20).jpg
Ingrown_nails,ingrown_nail (21).jpg
Ingrown_nails,ingrown_nail (22).jpg
Ingrown_nails,ingrown_nail (23).jpg
Ingrown_nails,ingrown_nail (24).jpg
Ingrown_nails,ingrown_nail (25).jpg
Ingrown_nails,ingrown_nail (26).jpg
Ingrown_nails,ingrown_nail (27).jpg
Ingrown_nails,ingrown_nail (28).jpg
Ingrown_nails,ingrown_nail (29).jpg
Ingrown_nails,ingrown_nail (3).jpg
Ingrown_nails,ingrown_nail (30).jpg
Ingrown_nails,ingrown_nail (31).jpg
Ingrown_nails,ingrown_nail (4).jpg
Ingrown_nails,ingrown_nail (5).jpg
Ingrown_nails,ingrown_nail (6).jpg
Ingrown_nails,ingrown_nail (7).jpg
Ingrown_nails,ingrown_nail (8).jpg
Ingrown_nails,ingrown_nail (9).jpg
Laceration,laseration (1).jpg
Laceration,laseration (10).jpg
Laceration,laseration (11).jpg
Laceration,laseration (12).jpg
Laceration,laseration (13).jpg
Laceration,laseration (14).jpg
Laceration,laseration (15).jpg
Laceration,laseration (16).jpg
Laceration,laseration (17).jpg
Laceration,laseration (18).jpg
Laceration,laseration (19).jpg
Laceration,laseration (2).jpg
Laceration,laseration (20).jpg
Laceration,laseration (21).jpg
Laceration,laseration (22).jpg
Laceration,laseration (23).jpg
Laceration,laseration (24).jpg
Laceration,laseration (25).jpg
Laceration,laseration (26).jpg
Laceration,laseration (27).jpg
Laceration,laseration (28).jpg
Laceration,laseration (29).jpg
Laceration,laseration (3).jpg
Laceration,laseration (30).jpg
Laceration,laseration (31).jpg
Laceration,laseration (32).jpg
Laceration,laseration (33).jpg
Laceration,laseration (34).jpg
Laceration,laseration (35).jpg
Laceration,laseration (36).jpg
Laceration,laseration (37).jpg
Laceration,laseration (38).jpg
Laceration,laseration (39).jpg
Laceration,laseration (4).jpg
Laceration,laseration (40).jpg
Laceration,laseration (41).jpg
Laceration,laseration (42).jpg
Laceration,laseration (43).jpg
Laceration,laseration (44).jpg
Laceration,laseration (45).jpg
Laceration,laseration (46).jpg
Laceration,laseration (47).jpg
Laceration,laseration (48).jpg
Laceration,laseration (49).jpg
Laceration,laseration (5).jpg
Laceration,laseration (50).jpg
Laceration,laseration (51).jpg
Laceration,laseration (52).jpg
Laceration,laseration (53).jpg
Laceration,laseration (54).jpg
Laceration,laseration (55).jpg
Laceration,laseration (56).jpg
Laceration,laseration (57).jpg
Laceration,laseration (58).jpg
Laceration,laseration (59).jpg
Laceration,laseration (6).jpg
Laceration,laseration (60).jpg
Laceration,laseration (61).jpg
Laceration,laseration (7).jpg
Laceration,laseration (8).jpg
Laceration,laseration (9).jpg
Stab_wound,stab_wound (1).jpg
Stab_wound,stab_wound (10).jpg
Stab_wound,stab_wound (11).jpg
Stab_wound,stab_wound (12).jpg
Stab_wound,stab_wound (13).jpg
Stab_wound,stab_wound (14).jpg
Stab_wound,stab_wound (15).jpg
Stab_wound,stab_wound (16).jpg
Stab_wound,stab_wound (17).jpg
Stab_wound,stab_wound (18).jpg
Stab_wound,stab_wound (19).jpg
Stab_wound,stab_wound (2).jpg
Stab_wound,stab_wound (20).jpg
Stab_wound,stab_wound (21).jpg
Stab_wound,stab_wound (22).jpg
Stab_wound,stab_wound (23).jpg
Stab_wound,stab_wound (3).jpg
Stab_wound,stab_wound (4).jpg
Stab_wound,stab_wound (5).jpg
Stab_wound,stab_wound (6).jpg
Stab_wound,stab_wound (7).jpg
Stab_wound,stab_wound (8).jpg
Stab_wound,stab_wound (9).jpg
